IndexNo,DSA 501 3.0,DSA 502 2.0,DSA 503 3.0,avg
GS/DSA/001,35.0,97,66.0,66.0
GS/DSA/002,63.333333333333336,32,77.0,57.44444444444445
GS/DSA/003,73.0,62,67.5,67.5
GS/DSA/004,82.0,81,67.0,76.66666666666667
